user_id,genre,play_count
user_1,Jazz,23
user_10,Jazz,32
user_11,Pop,29
user_12,Jazz,22
user_13,Jazz,37
user_14,Hip-Hop,27
user_15,Jazz,26
user_16,Jazz,26
user_17,Jazz,31
user_18,Jazz,30
user_19,Jazz,30
user_2,Hip-Hop,27
user_20,Jazz,33
user_21,Jazz,31
user_22,Jazz,28
user_23,Hip-Hop,30
user_24,Hip-Hop,33
user_25,Jazz,27
user_26,Hip-Hop,29
user_27,Jazz,22
user_28,Jazz,31
user_29,Hip-Hop,22
user_3,Jazz,26
user_30,Hip-Hop,36
user_31,Jazz,22
user_32,Hip-Hop,32
user_33,Pop,24
user_34,Jazz,35
user_35,Hip-Hop,28
user_36,Hip-Hop,22
user_37,Jazz,32
user_38,Jazz,26
user_39,Jazz,28
user_4,Jazz,33
user_40,Jazz,31
user_41,Hip-Hop,21
user_42,Jazz,28
user_43,Hip-Hop,36
user_44,Jazz,22
user_45,Jazz,24
user_46,Hip-Hop,28
user_47,Hip-Hop,22
user_48,Jazz,30
user_49,Hip-Hop,32
user_5,Hip-Hop,27
user_50,Jazz,32
user_6,Rock,22
user_7,Hip-Hop,28
user_8,Hip-Hop,24
user_9,Jazz,35
