song_id,title,artist,genre,mood
song_1,Title 1,Artist 11,Classical,Happy
song_2,Title 2,Artist 19,Pop,Sad
song_3,Title 3,Artist 1,Classical,Energetic
song_4,Title 4,Artist 4,Classical,Energetic
song_5,Title 5,Artist 21,Rock,Energetic
song_6,Title 6,Artist 5,Jazz,Energetic
song_7,Title 7,Artist 11,Pop,Sad
song_8,Title 8,Artist 17,Pop,Sad
song_9,Title 9,Artist 28,Pop,Chill
song_10,Title 10,Artist 21,Hip-Hop,Sad
song_11,Title 11,Artist 13,Pop,Energetic
song_12,Title 12,Artist 23,Jazz,Happy
song_13,Title 13,Artist 12,Hip-Hop,Sad
song_14,Title 14,Artist 26,Pop,Happy
song_15,Title 15,Artist 1,Pop,Happy
song_16,Title 16,Artist 12,Classical,Energetic
song_17,Title 17,Artist 28,Hip-Hop,Happy
song_18,Title 18,Artist 1,Jazz,Happy
song_19,Title 19,Artist 12,Classical,Chill
song_20,Title 20,Artist 3,Rock,Sad
song_21,Title 21,Artist 28,Jazz,Happy
song_22,Title 22,Artist 22,Jazz,Chill
song_23,Title 23,Artist 9,Classical,Happy
song_24,Title 24,Artist 14,Jazz,Chill
song_25,Title 25,Artist 27,Hip-Hop,Chill
song_26,Title 26,Artist 13,Classical,Happy
song_27,Title 27,Artist 5,Rock,Chill
song_28,Title 28,Artist 9,Pop,Sad
song_29,Title 29,Artist 24,Rock,Chill
song_30,Title 30,Artist 5,Hip-Hop,Chill
song_31,Title 31,Artist 5,Rock,Happy
song_32,Title 32,Artist 12,Pop,Happy
song_33,Title 33,Artist 28,Classical,Sad
song_34,Title 34,Artist 28,Pop,Energetic
song_35,Title 35,Artist 27,Rock,Sad
song_36,Title 36,Artist 9,Pop,Energetic
song_37,Title 37,Artist 21,Rock,Chill
song_38,Title 38,Artist 18,Jazz,Sad
song_39,Title 39,Artist 27,Pop,Sad
song_40,Title 40,Artist 21,Classical,Energetic
song_41,Title 41,Artist 16,Hip-Hop,Chill
song_42,Title 42,Artist 1,Hip-Hop,Energetic
song_43,Title 43,Artist 18,Rock,Happy
song_44,Title 44,Artist 6,Hip-Hop,Sad
song_45,Title 45,Artist 9,Jazz,Happy
song_46,Title 46,Artist 30,Classical,Chill
song_47,Title 47,Artist 16,Jazz,Energetic
song_48,Title 48,Artist 10,Pop,Sad
song_49,Title 49,Artist 14,Jazz,Happy
song_50,Title 50,Artist 16,Hip-Hop,Sad
song_51,Title 51,Artist 27,Jazz,Chill
song_52,Title 52,Artist 29,Jazz,Sad
song_53,Title 53,Artist 29,Jazz,Sad
song_54,Title 54,Artist 22,Jazz,Energetic
song_55,Title 55,Artist 17,Rock,Happy
song_56,Title 56,Artist 4,Rock,Sad
song_57,Title 57,Artist 9,Jazz,Chill
song_58,Title 58,Artist 21,Pop,Happy
song_59,Title 59,Artist 27,Hip-Hop,Chill
song_60,Title 60,Artist 8,Jazz,Energetic
song_61,Title 61,Artist 25,Hip-Hop,Chill
song_62,Title 62,Artist 4,Hip-Hop,Chill
song_63,Title 63,Artist 29,Jazz,Sad
song_64,Title 64,Artist 30,Jazz,Sad
song_65,Title 65,Artist 1,Jazz,Happy
song_66,Title 66,Artist 12,Pop,Chill
song_67,Title 67,Artist 1,Jazz,Sad
song_68,Title 68,Artist 3,Hip-Hop,Sad
song_69,Title 69,Artist 28,Rock,Energetic
song_70,Title 70,Artist 5,Rock,Energetic
song_71,Title 71,Artist 10,Rock,Sad
song_72,Title 72,Artist 17,Pop,Energetic
song_73,Title 73,Artist 17,Jazz,Energetic
song_74,Title 74,Artist 15,Rock,Happy
song_75,Title 75,Artist 22,Rock,Chill
song_76,Title 76,Artist 30,Hip-Hop,Sad
song_77,Title 77,Artist 8,Classical,Happy
song_78,Title 78,Artist 26,Jazz,Chill
song_79,Title 79,Artist 30,Hip-Hop,Energetic
song_80,Title 80,Artist 23,Hip-Hop,Happy
song_81,Title 81,Artist 13,Rock,Energetic
song_82,Title 82,Artist 15,Hip-Hop,Happy
song_83,Title 83,Artist 20,Hip-Hop,Sad
song_84,Title 84,Artist 30,Hip-Hop,Sad
song_85,Title 85,Artist 22,Rock,Happy
song_86,Title 86,Artist 7,Classical,Chill
song_87,Title 87,Artist 6,Rock,Sad
song_88,Title 88,Artist 2,Jazz,Happy
song_89,Title 89,Artist 22,Pop,Energetic
song_90,Title 90,Artist 2,Hip-Hop,Energetic
song_91,Title 91,Artist 23,Jazz,Chill
song_92,Title 92,Artist 12,Classical,Energetic
song_93,Title 93,Artist 24,Hip-Hop,Energetic
song_94,Title 94,Artist 25,Pop,Sad
song_95,Title 95,Artist 28,Rock,Sad
song_96,Title 96,Artist 1,Hip-Hop,Happy
song_97,Title 97,Artist 8,Jazz,Sad
song_98,Title 98,Artist 23,Hip-Hop,Happy
song_99,Title 99,Artist 12,Pop,Sad
song_100,Title 100,Artist 28,Hip-Hop,Chill
