user_id,night_play_count
user_14,28
user_22,25
user_47,20
user_21,17
user_19,24
user_31,23
user_18,22
user_13,29
user_39,27
user_7,26
user_5,24
user_9,24
user_20,27
user_45,12
user_48,28
user_4,23
user_1,22
user_46,25
user_10,34
user_28,27
user_12,29
user_32,23
user_50,22
user_40,22
user_43,33
user_41,22
user_49,24
user_11,27
user_35,27
user_27,18
user_44,26
user_17,21
user_38,31
user_26,35
user_16,21
user_33,28
user_42,22
user_15,19
user_34,15
user_8,21
user_6,22
user_2,23
user_25,22
user_24,28
user_37,19
user_3,21
user_29,28
user_36,24
user_23,23
user_30,33
