user_id,song_id,title,artist,genre,mood
user_1,song_1,Title 1,Artist 11,Classical,Happy
user_1,song_12,Title 12,Artist 23,Jazz,Happy
user_1,song_15,Title 15,Artist 1,Pop,Happy
user_11,song_1,Title 1,Artist 11,Classical,Happy
user_11,song_21,Title 21,Artist 28,Jazz,Happy
user_11,song_31,Title 31,Artist 5,Rock,Happy
user_12,song_1,Title 1,Artist 11,Classical,Happy
user_12,song_12,Title 12,Artist 23,Jazz,Happy
user_12,song_14,Title 14,Artist 26,Pop,Happy
user_13,song_1,Title 1,Artist 11,Classical,Happy
user_13,song_15,Title 15,Artist 1,Pop,Happy
user_13,song_58,Title 58,Artist 21,Pop,Happy
user_15,song_18,Title 18,Artist 1,Jazz,Happy
user_15,song_21,Title 21,Artist 28,Jazz,Happy
user_15,song_31,Title 31,Artist 5,Rock,Happy
user_17,song_1,Title 1,Artist 11,Classical,Happy
user_17,song_32,Title 32,Artist 12,Pop,Happy
user_17,song_49,Title 49,Artist 14,Jazz,Happy
user_18,song_12,Title 12,Artist 23,Jazz,Happy
user_18,song_17,Title 17,Artist 28,Hip-Hop,Happy
user_18,song_31,Title 31,Artist 5,Rock,Happy
user_2,song_1,Title 1,Artist 11,Classical,Happy
user_2,song_12,Title 12,Artist 23,Jazz,Happy
user_2,song_18,Title 18,Artist 1,Jazz,Happy
user_21,song_17,Title 17,Artist 28,Hip-Hop,Happy
user_21,song_23,Title 23,Artist 9,Classical,Happy
user_21,song_26,Title 26,Artist 13,Classical,Happy
user_22,song_1,Title 1,Artist 11,Classical,Happy
user_22,song_12,Title 12,Artist 23,Jazz,Happy
user_22,song_14,Title 14,Artist 26,Pop,Happy
user_23,song_1,Title 1,Artist 11,Classical,Happy
user_23,song_12,Title 12,Artist 23,Jazz,Happy
user_23,song_14,Title 14,Artist 26,Pop,Happy
user_24,song_1,Title 1,Artist 11,Classical,Happy
user_24,song_12,Title 12,Artist 23,Jazz,Happy
user_24,song_14,Title 14,Artist 26,Pop,Happy
user_26,song_17,Title 17,Artist 28,Hip-Hop,Happy
user_26,song_45,Title 45,Artist 9,Jazz,Happy
user_26,song_58,Title 58,Artist 21,Pop,Happy
user_27,song_12,Title 12,Artist 23,Jazz,Happy
user_27,song_15,Title 15,Artist 1,Pop,Happy
user_27,song_17,Title 17,Artist 28,Hip-Hop,Happy
user_29,song_1,Title 1,Artist 11,Classical,Happy
user_29,song_14,Title 14,Artist 26,Pop,Happy
user_29,song_15,Title 15,Artist 1,Pop,Happy
user_31,song_1,Title 1,Artist 11,Classical,Happy
user_31,song_14,Title 14,Artist 26,Pop,Happy
user_31,song_17,Title 17,Artist 28,Hip-Hop,Happy
user_32,song_23,Title 23,Artist 9,Classical,Happy
user_32,song_32,Title 32,Artist 12,Pop,Happy
user_32,song_77,Title 77,Artist 8,Classical,Happy
user_34,song_1,Title 1,Artist 11,Classical,Happy
user_34,song_17,Title 17,Artist 28,Hip-Hop,Happy
user_34,song_21,Title 21,Artist 28,Jazz,Happy
user_35,song_1,Title 1,Artist 11,Classical,Happy
user_35,song_26,Title 26,Artist 13,Classical,Happy
user_35,song_49,Title 49,Artist 14,Jazz,Happy
user_37,song_1,Title 1,Artist 11,Classical,Happy
user_37,song_12,Title 12,Artist 23,Jazz,Happy
user_37,song_32,Title 32,Artist 12,Pop,Happy
user_38,song_23,Title 23,Artist 9,Classical,Happy
user_38,song_26,Title 26,Artist 13,Classical,Happy
user_38,song_32,Title 32,Artist 12,Pop,Happy
user_4,song_15,Title 15,Artist 1,Pop,Happy
user_4,song_21,Title 21,Artist 28,Jazz,Happy
user_4,song_43,Title 43,Artist 18,Rock,Happy
user_41,song_15,Title 15,Artist 1,Pop,Happy
user_41,song_18,Title 18,Artist 1,Jazz,Happy
user_41,song_21,Title 21,Artist 28,Jazz,Happy
user_42,song_1,Title 1,Artist 11,Classical,Happy
user_42,song_14,Title 14,Artist 26,Pop,Happy
user_42,song_17,Title 17,Artist 28,Hip-Hop,Happy
user_44,song_12,Title 12,Artist 23,Jazz,Happy
user_44,song_21,Title 21,Artist 28,Jazz,Happy
user_44,song_26,Title 26,Artist 13,Classical,Happy
user_45,song_1,Title 1,Artist 11,Classical,Happy
user_45,song_14,Title 14,Artist 26,Pop,Happy
user_45,song_15,Title 15,Artist 1,Pop,Happy
user_46,song_1,Title 1,Artist 11,Classical,Happy
user_46,song_12,Title 12,Artist 23,Jazz,Happy
user_46,song_14,Title 14,Artist 26,Pop,Happy
user_48,song_12,Title 12,Artist 23,Jazz,Happy
user_48,song_15,Title 15,Artist 1,Pop,Happy
user_48,song_17,Title 17,Artist 28,Hip-Hop,Happy
user_49,song_1,Title 1,Artist 11,Classical,Happy
user_49,song_14,Title 14,Artist 26,Pop,Happy
user_49,song_21,Title 21,Artist 28,Jazz,Happy
user_50,song_14,Title 14,Artist 26,Pop,Happy
user_50,song_23,Title 23,Artist 9,Classical,Happy
user_50,song_31,Title 31,Artist 5,Rock,Happy
user_7,song_14,Title 14,Artist 26,Pop,Happy
user_7,song_18,Title 18,Artist 1,Jazz,Happy
user_7,song_55,Title 55,Artist 17,Rock,Happy
user_9,song_1,Title 1,Artist 11,Classical,Happy
user_9,song_15,Title 15,Artist 1,Pop,Happy
user_9,song_17,Title 17,Artist 28,Hip-Hop,Happy
